{"cameraMode":{"drawMode":0,"name":"Shaded","section":"Shading Mode"},"sceneLighting":false,"audioPlay":false,"sceneViewState":{"showFog":true,"showMaterialUpdate":false,"showSkybox":false,"showFlares":true,"showImageEffects":true,"showParticleSystems":true},"in2DMode":false,"pivot":{"x":0.35444262623786929,"y":0.18155425786972047,"z":0.09407103061676026},"rotation":{"x":0.6187527179718018,"y":-0.015751834958791734,"z":-0.0129769928753376,"w":-0.7855387926101685},"size":0.5818058252334595,"orthographic":false}