{"cameraMode":{"drawMode":0,"name":"Shaded","section":"Shading Mode"},"sceneLighting":false,"audioPlay":false,"sceneViewState":{"showFog":true,"showMaterialUpdate":false,"showSkybox":false,"showFlares":true,"showImageEffects":true,"showParticleSystems":true},"in2DMode":false,"pivot":{"x":0.006096184253692627,"y":50.08245849609375,"z":0.03387570381164551},"rotation":{"x":0.14234966039657594,"y":0.0060261995531618599,"z":-0.0002633613476064056,"w":0.989981472492218},"size":0.8473190665245056,"orthographic":false}