{"cameraMode":{"drawMode":0,"name":"Shaded","section":"Shading Mode"},"sceneLighting":false,"audioPlay":false,"sceneViewState":{"showFog":true,"showMaterialUpdate":false,"showSkybox":false,"showFlares":true,"showImageEffects":true,"showParticleSystems":true},"in2DMode":false,"pivot":{"x":-0.062360167503356937,"y":50.906517028808597,"z":-0.09487508237361908},"rotation":{"x":-0.4347192347049713,"y":0.41550832986831667,"z":-0.23669563233852387,"w":-0.7631233334541321},"size":0.6373060941696167,"orthographic":false}