{"cameraMode":{"drawMode":0,"name":"Shaded","section":"Shading Mode"},"sceneLighting":false,"audioPlay":false,"sceneViewState":{"showFog":true,"showMaterialUpdate":false,"showSkybox":false,"showFlares":true,"showImageEffects":true,"showParticleSystems":true},"in2DMode":false,"pivot":{"x":-5.843810081481934,"y":50.517059326171878,"z":0.2664870023727417},"rotation":{"x":-0.010993476957082749,"y":0.970231831073761,"z":-0.2377503365278244,"w":-0.04485506936907768},"size":3.012402296066284,"orthographic":false}