{"cameraMode":{"drawMode":0,"name":"Shaded","section":"Shading Mode"},"sceneLighting":true,"audioPlay":false,"sceneViewState":{"showFog":true,"showMaterialUpdate":false,"showSkybox":false,"showFlares":true,"showImageEffects":true,"showParticleSystems":true},"in2DMode":false,"pivot":{"x":22.42998695373535,"y":0.057769834995269778,"z":33.53794479370117},"rotation":{"x":0.04979932680726051,"y":0.9033205509185791,"z":-0.4118872284889221,"w":0.10919210314750672},"size":0.8023659586906433,"orthographic":false}