{"cameraMode":{"drawMode":0,"name":"Shaded","section":"Shading Mode"},"sceneLighting":false,"audioPlay":false,"sceneViewState":{"showFog":true,"showMaterialUpdate":false,"showSkybox":false,"showFlares":true,"showImageEffects":true,"showParticleSystems":true},"in2DMode":false,"pivot":{"x":0.9882741570472717,"y":0.07104478776454926,"z":0.08340638875961304},"rotation":{"x":0.027837486937642099,"y":0.7475194931030273,"z":0.6631777882575989,"w":-0.03103828616440296},"size":0.8380565047264099,"orthographic":false}