{"cameraMode":{"drawMode":0,"name":"Shaded","section":"Shading Mode"},"sceneLighting":true,"audioPlay":false,"sceneViewState":{"showFog":true,"showMaterialUpdate":false,"showSkybox":false,"showFlares":true,"showImageEffects":true,"showParticleSystems":true},"in2DMode":false,"pivot":{"x":-0.08468207716941834,"y":0.3494994044303894,"z":0.2678641080856323},"rotation":{"x":0.14871849119663239,"y":0.8146805763244629,"z":-0.507161557674408,"w":0.2389563024044037},"size":0.1782984733581543,"orthographic":false}